Title,Company,Apply link
Senior Software Engineer - Fullstack Python / React,StyleSeat,https://stackoverflow.com//jobs/451027/senior-software-engineer-fullstack-python-styleseat?a=2rg9oEoLkQTe&so=i&pg=1&offset=0&total=192&so_medium=Internal&so_source=JobSearch&q=python&r=true
Python/AWS (Remote),X-Team,https://stackoverflow.com//jobs/445852/python-aws-remote-x-team?a=2pwxQc3OETaU&so=i&pg=1&offset=1&total=192&so_medium=Internal&so_source=JobSearch&q=python&r=true
Python/ElasticSearch Developer (Remote),X-Team,https://stackoverflow.com//jobs/439738/python-elasticsearch-developer-remote-x-team?a=2ntpVvmJJio0&so=i&pg=1&offset=2&total=192&so_medium=Internal&so_source=JobSearch&q=python&r=true
Senior Backend Software Engineer (Python/Django),Chaturbate,https://stackoverflow.com//jobs/448419/senior-backend-software-engineer-python-django-chaturbate?a=2qnVgTGUFH6E&so=i&pg=1&offset=3&total=192&so_medium=Internal&so_source=JobSearch&q=python&r=true
Senior Backend Software Engineer (Python),"Curative, Inc",https://stackoverflow.com//jobs/408170/senior-backend-software-engineer-python-curative-inc?a=2cT1W5zrMCXe&so=i&pg=1&offset=4&total=192&so_medium=Internal&so_source=JobSearch&q=python&r=true
Senior Python Developer,"Findaway World, LLC",https://stackoverflow.com//jobs/433593/senior-python-developer-findaway-world-llc?a=2lpEd2QhT3BC&so=i&pg=1&offset=5&total=192&so_medium=Internal&so_source=JobSearch&q=python&r=true
Python Developer,YouGov,https://stackoverflow.com//jobs/407736/python-developer-yougov?a=2cK0rpNPAy3e&so=i&pg=1&offset=7&total=192&so_medium=Internal&so_source=JobSearch&q=python&r=true
Senior Python Engineer,Hummingbot,https://stackoverflow.com//jobs/440503/senior-python-engineer-hummingbot?a=2nJk8hQwCSaI&so=i&pg=1&offset=8&total=192&so_medium=Internal&so_source=JobSearch&q=python&r=true
Senior Python Dev for Open Source ML Tools,"Iterative, Inc",https://stackoverflow.com//jobs/446359/senior-python-dev-for-open-source-ml-tools-iterative-inc?a=2pH5rB8J8qCk&so=i&pg=1&offset=9&total=192&so_medium=Internal&so_source=JobSearch&q=python&r=true
"Senior Software Engineer (Robotics, Python)",Righthand Robotics,https://stackoverflow.com//jobs/445071/senior-software-engineer-robotics-python-righthand-robotics?a=2pgj0zbpMA48&so=i&pg=1&offset=10&total=192&so_medium=Internal&so_source=JobSearch&q=python&r=true
Senior Software Engineer - Python,DIGARC,https://stackoverflow.com//jobs/425402/senior-software-engineer-python-digarc?a=2iFkyhFS4iqc&so=i&pg=1&offset=11&total=192&so_medium=Internal&so_source=JobSearch&q=python&r=true
Python Engineer,Market America / Shop.com,https://stackoverflow.com//jobs/431385/python-engineer-market-america-shopcom?a=2kFJKq3KIaWI&so=i&pg=1&offset=17&total=192&so_medium=Internal&so_source=JobSearch&q=python&r=true
"Senior software engineer (Typescript, Nextjs, Python, Docker/k8s, Kafka, SQL)",EverQuote Inc.,https://stackoverflow.com//jobs/385234/senior-software-engineer-typescript-nextjs-everquote-inc?a=25c7NCvk7HxK&so=i&pg=1&offset=13&total=192&so_medium=Internal&so_source=JobSearch&q=python&r=true
Python Solutions Architect,REPAY,https://stackoverflow.com//jobs/406907/python-solutions-architect-repay?a=2csLJfJAM2Yg&so=i&pg=1&offset=14&total=192&so_medium=Internal&so_source=JobSearch&q=python&r=true
"Senior Python Engineer, Features",ReCharge Payments,https://stackoverflow.com//jobs/446791/senior-python-engineer-features-recharge-payments?a=2pQ4mpRgAam4&so=i&pg=1&offset=15&total=192&so_medium=Internal&so_source=JobSearch&q=python&r=true
"Senior Python Engineer, Platform Services",ReCharge Payments,https://stackoverflow.com//jobs/446789/senior-python-engineer-platform-services-recharge-payments?a=2pQ1MyObPPbO&so=i&pg=1&offset=16&total=192&so_medium=Internal&so_source=JobSearch&q=python&r=true
Principal Python Software Developer,Railroad19,https://stackoverflow.com//jobs/428732/principal-python-software-developer-railroad19?a=2jMzBUJGekYo&so=i&pg=1&offset=18&total=192&so_medium=Internal&so_source=JobSearch&q=python&r=true
Senior Data Engineer – ETL Pipelines - Python - Cybersecurity,No Company,https://stackoverflow.com//jobs/421770/senior-data-engineer-etl-pipelines-python-praetorian-cybersecurity?a=2hrOkryOIlXy&so=i&pg=1&offset=19&total=192&so_medium=Internal&so_source=JobSearch&q=python&r=true
Lead Software Engineer (CRM & Business APIs) (m/f/d),No Company,https://stackoverflow.com//jobs/452354/lead-software-engineer-crm-business-apis-m-f-labster-ag?a=2rHJWSnKAI3S&so=i&pg=1&offset=20&total=192&so_medium=Internal&so_source=JobSearch&q=python&r=true
"Software Engineer, Backend (Remote)",Hotjar,https://stackoverflow.com//jobs/279346/software-engineer-backend-remote-hotjar?a=1vGpeFRZU7Kg&so=i&pg=1&offset=21&total=192&so_medium=Internal&so_source=JobSearch&q=python&r=true
Remote Full Stack Software Engineer to optimize the world of Container Shipping,Portchain,https://stackoverflow.com//jobs/433882/remote-full-stack-software-engineer-to-optimize-portchain?a=2lvECc4xdJWo&so=i&pg=1&offset=22&total=192&so_medium=Internal&so_source=JobSearch&q=python&r=true
Remote Principal Software Engineer to optimize the world of Container Shipping,Portchain,https://stackoverflow.com//jobs/433884/remote-principal-software-engineer-to-optimize-portchain?a=2lvHc37BY56E&so=i&pg=1&offset=23&total=192&so_medium=Internal&so_source=JobSearch&q=python&r=true
Software Engineer,Inari Agriculture,https://stackoverflow.com//jobs/452405/software-engineer-inari-agriculture?a=2rINHc9cEpMs&so=i&pg=1&offset=24&total=192&so_medium=Internal&so_source=JobSearch&q=python&r=true
React Engineer,Elevar,https://weworkremotely.com/remote-jobs/elevar-react-engineer
"Senior Software Engineer - Open Source, Dev Tools",Iterative,https://weworkremotely.com/remote-jobs/iterative-senior-software-engineer-open-source-dev-tools
"Senior Backend Developer – Remote, Full-time",Toptal,https://weworkremotely.com/remote-jobs/toptal-senior-backend-developer-remote-full-time
"Lead Software Engineer, E-Commerce",Territory Foods,https://weworkremotely.com/remote-jobs/territory-foods-lead-software-engineer-e-commerce
Senior Full Stack Engineer,Thinkific,https://weworkremotely.com/remote-jobs/thinkific-senior-full-stack-engineer
Head of Engineering,InsurGrid,https://weworkremotely.com/remote-jobs/insurgrid-head-of-engineering
Senior Python Engineer,RebelMouse,https://weworkremotely.com/remote-jobs/rebelmouse-senior-python-engineer
Tech Lead,Ukufu Pty Ltd,https://weworkremotely.com/remote-jobs/ukufu-pty-ltd-tech-lead
Senior Unity Engineer - Remote - EU Time Zone,CVEDIA,https://weworkremotely.com/remote-jobs/cvedia-senior-unity-engineer-remote-eu-time-zone
Full Stack Developer,Button Inc.,https://weworkremotely.com/remote-jobs/button-inc-full-stack-developer
"Open Source Developer & DevOps (Python, Django, AWS, OpenStack)",OpenCraft,https://weworkremotely.com/remote-jobs/opencraft-open-source-developer-devops-python-django-aws-openstack-10
Production Engineer (Site Reliability Engineer),Arc,https://weworkremotely.com/remote-jobs/arc-production-engineer-site-reliability-engineer
Trading Systems Data Engineer,Kenetic Capital,https://weworkremotely.com/remote-jobs/kenetic-capital-trading-systems-data-engineer
Tech Lead - Web Scraping,DemandMatrix,https://weworkremotely.com/remote-jobs/demandmatrix-tech-lead-web-scraping
Full Stack Software Developer,Growth Tools,https://weworkremotely.com/remote-jobs/growth-tools-full-stack-software-developer
Senior Back-end Engineer,x.ai,https://weworkremotely.com/remote-jobs/x-ai-senior-back-end-engineer
Backend Engineer (f/m/div),Perdoo GmbH,https://weworkremotely.com/remote-jobs/perdoo-gmbh-backend-engineer-f-m-div
Back End Developer E-Mobility (remote - EU),Optimile,https://weworkremotely.com/remote-jobs/optimile-back-end-developer-e-mobility-remote-eu
Security Software Engineer,Currencycloud,https://weworkremotely.com/remote-jobs/currencycloud-security-software-engineer
Senior Back-end (Ruby on) Rails Developer,Goboony,https://weworkremotely.com/remote-jobs/goboony-senior-back-end-ruby-on-rails-developer
Python Lead Engineer,Nearsure,https://weworkremotely.com/remote-jobs/nearsure-python-lead-engineer-1
Senior Integrations Developer,Inbound FinTech,https://weworkremotely.com/remote-jobs/inbound-fintech-senior-integrations-developer
Full Stack Developer (Python & Vue.js),Unhaggle Inc.,https://weworkremotely.com/remote-jobs/unhaggle-inc-full-stack-developer-python-vue-js-2
"Principal Software Engineer, Features",ReCharge Payments,https://weworkremotely.com/remote-jobs/recharge-payments-principal-software-engineer-features
"Senior Software Engineer, Features",ReCharge Payments,https://weworkremotely.com/remote-jobs/recharge-payments-senior-software-engineer-features-1
Senior Backend Engineer,Primer.ai,https://weworkremotely.com/remote-jobs/primer-ai-senior-backend-engineer
Senior Full Stack Engineer (Remote US),Axios,https://weworkremotely.com/remote-jobs/axios-senior-full-stack-engineer-remote-us
"Software Development Manager, Platform API",ReCharge Payments,https://weworkremotely.com/remote-jobs/recharge-payments-software-development-manager-platform-api-1
"Software Development Manager, Integrations",ReCharge Payments,https://weworkremotely.com/remote-jobs/recharge-payments-software-development-manager-integrations
"Senior Software Engineer, Platform Services",ReCharge Payments,https://weworkremotely.com/remote-jobs/recharge-payments-senior-software-engineer-platform-services-2
"Software Engineer in Test, Platform Services",ReCharge Payments,https://weworkremotely.com/remote-jobs/recharge-payments-software-engineer-in-test-platform-services-2
"Staff Software Engineer - Data Platform, Native Protection",Rubrik,https://weworkremotely.com/remote-jobs/rubrik-staff-software-engineer-data-platform-native-protection
Software Engineer - Data Platform,Rubrik,https://weworkremotely.com/remote-jobs/rubrik-software-engineer-data-platform
Software Engineer - Archival & Replication,Rubrik,https://weworkremotely.com/remote-jobs/rubrik-software-engineer-archival-replication
Software Engineer - SaaS Platform,Rubrik,https://weworkremotely.com/remote-jobs/rubrik-software-engineer-saas-platform
"Software Engineer, Full Stack",Springbuk,https://weworkremotely.com/remote-jobs/springbuk-software-engineer-full-stack
"Software Engineer, SRE",Doximity,https://weworkremotely.com/remote-jobs/doximity-software-engineer-sre
Angular Developer (Asia timezone),Vanna,https://weworkremotely.com/remote-jobs/vanna-angular-developer-asia-timezone
"Senior Data Engineer, Manager",Doximity,https://weworkremotely.com/remote-jobs/doximity-senior-data-engineer-manager
Integrations Engineer (Matrix/WordPress),Automattic,https://weworkremotely.com/remote-jobs/automattic-integrations-engineer-matrix-wordpress
"Software Engineer, Full Stack ",Doximity,https://weworkremotely.com/remote-jobs/doximity-software-engineer-full-stack
Senior Salesforce Developer - Remote,Ebury,https://weworkremotely.com/remote-jobs/ebury-senior-salesforce-developer-remote
Senior Full Stack Developer - Python,DataKitchen,https://weworkremotely.com/remote-jobs/datakitchen-senior-full-stack-developer-python
Senior Quality Assurance Engineer / SDET - Remote,"Theorem, LLC",https://weworkremotely.com/remote-jobs/theorem-llc-senior-quality-assurance-engineer-sdet-remote
Senior Software Engineer,Gun.io,https://weworkremotely.com/remote-jobs/gun-io-senior-software-engineer
Python/AWS Developer,X-Team,https://weworkremotely.com/remote-jobs/x-team-python-aws-developer
Python/ElasticSearch Developer,X-Team,https://weworkremotely.com/remote-jobs/x-team-python-elasticsearch-developer
Support Engineer,HeySummit,https://weworkremotely.com/remote-jobs/heysummit-support-engineer
Data Analytics Engineer,Reify Health,https://weworkremotely.com/remote-jobs/reify-health-data-analytics-engineer-2
(Senior) Python Full Stack Software Developer,Optimile,https://weworkremotely.com/remote-jobs/optimile-senior-python-full-stack-software-developer
Senior Python/Django Engineer,Myagi,https://weworkremotely.com/remote-jobs/myagi-senior-python-django-engineer
Mobile Application Developer (Python),Kickback Rewards System,https://weworkremotely.com/remote-jobs/kickback-rewards-system-mobile-application-developer-python
Senior Product Engineer (Remote - Anywhere),Dataquest,https://weworkremotely.com/remote-jobs/dataquest-senior-product-engineer-remote-anywhere
Ruby on Rails Developer,Power Home Remodeling,https://weworkremotely.com/remote-jobs/power-home-remodeling-ruby-on-rails-developer
Senior JavaScript Engineer ,Automattic,https://weworkremotely.com/remote-jobs/automattic-senior-javascript-engineer
Senior Data Analyst,Reify Health,https://weworkremotely.com/remote-jobs/reify-health-senior-data-analyst
Software Engineering Mentor,Springboard,https://weworkremotely.com/remote-jobs/springboard-software-engineering-mentor-1
Senior Data Engineer,Doximity,https://weworkremotely.com/remote-jobs/doximity-senior-data-engineer-1
Machine Learning Software Engineer,Automattic,https://weworkremotely.com/remote-jobs/automattic-machine-learning-software-engineer
"Senior Software Engineer, Back End, Platform Team",Abstract,https://weworkremotely.com/remote-jobs/abstract-senior-software-engineer-back-end-platform-team
Senior Python Developer - Remote,Ebury,https://weworkremotely.com/remote-jobs/ebury-senior-python-developer-remote
Python Developer,Webinterpret,https://weworkremotely.com/remote-jobs/webinterpret-python-developer
Software Development Team Lead,Ebury,https://weworkremotely.com/remote-jobs/ebury-software-development-team-lead
"Security Engineer, Security Telemetry",GitHub,https://weworkremotely.com/remote-jobs/github-security-engineer-security-telemetry
iOS Developer,Doximity,https://weworkremotely.com/remote-jobs/doximity-ios-developer
Sr. Software Engineer,Zylo,https://weworkremotely.com/remote-jobs/zylo-sr-software-engineer
Senior Android Engineer,Elevate Labs,https://weworkremotely.com/remote-jobs/elevate-labs-senior-android-engineer-1
Go Developer,X-Team,https://weworkremotely.com/remote-jobs/x-team-go-developer-1
Integrations Engineer,X-Team,https://weworkremotely.com/remote-jobs/x-team-integrations-engineer
Data Engineer,Reify Health,https://weworkremotely.com/remote-jobs/reify-health-data-engineer-1
Customer Support Engineer ,Platform.sh,https://weworkremotely.com/remote-jobs/platform-sh-customer-support-engineer-1
Site Reliability Engineer ,Nearsure,https://weworkremotely.com/remote-jobs/nearsure-site-reliability-engineer
DevOps Engineer,Olo,https://weworkremotely.com/remote-jobs/olo-devops-engineer
Senior DevOps Engineer,DroneDeploy,https://weworkremotely.com/remote-jobs/dronedeploy-senior-devops-engineer
Site Reliability Engineer,Sketch,https://weworkremotely.com/remote-jobs/sketch-site-reliability-engineer-1
Cloud Operations Engineer (OpenStack+Kubernetes),Canonical,https://weworkremotely.com/remote-jobs/canonical-cloud-operations-engineer-openstack-kubernetes
Senior Security Engineer,Simple,https://weworkremotely.com/remote-jobs/simple-senior-security-engineer
Senior QA / Automation Engineer,DataKitchen,https://weworkremotely.com/remote-jobs/datakitchen-senior-qa-automation-engineer
Senior Platform Infrastructure Engineer,Olo,https://weworkremotely.com/remote-jobs/olo-senior-platform-infrastructure-engineer
Sr. Technical Lead Engineer,RAIN,https://weworkremotely.com/remote-jobs/rain-sr-technical-lead-engineer
DevOps,BMAT Music Innovators,https://weworkremotely.com/remote-jobs/bmat-music-innovators-devops
Site Reliability Engineer (SRE) - Americas,Canonical,https://weworkremotely.com/remote-jobs/canonical-site-reliability-engineer-sre-americas
Senior Security DevOps Engineer,T.Rowe Price,https://weworkremotely.com/remote-jobs/t-rowe-price-senior-security-devops-engineer
SRE Engineering Manager (Europe/Middle East/Africa),Canonical,https://weworkremotely.com/remote-jobs/canonical-sre-engineering-manager-europe-middle-east-africa
Site Reliability Engineer (SRE) - Remote,Ebury,https://weworkremotely.com/remote-jobs/ebury-site-reliability-engineer-sre-remote
Security Engineer [Remote],Platform.sh,https://weworkremotely.com/remote-jobs/platform-sh-security-engineer-remote
Mobile Web Solutions Architect,Power Home Remodeling,https://weworkremotely.com/remote-jobs/power-home-remodeling-mobile-web-solutions-architect
System Administrator,eThink Education,https://weworkremotely.com/remote-jobs/ethink-education-system-administrator
Senior Software Engineer - Cortex,Fandom,https://weworkremotely.com/remote-jobs/fandom-senior-software-engineer-cortex
Sales Engineer,ReCharge Payments,https://weworkremotely.com/remote-jobs/recharge-payments-sales-engineer-1
Business Intelligence Analyst,Moment,https://weworkremotely.com/remote-jobs/moment-business-intelligence-analyst
Tax Geography Solutions Engineer,TaxJar,https://weworkremotely.com/remote-jobs/taxjar-tax-geography-solutions-engineer
Product Analyst,Clipboard Health,https://weworkremotely.com/remote-jobs/clipboard-health-product-analyst
Product Owner,DataKitchen,https://weworkremotely.com/remote-jobs/datakitchen-product-owner
Senior Data Scientist,Primer.ai,https://weworkremotely.com/remote-jobs/primer-ai-senior-data-scientist
Product Engineer ,Platform.sh,https://weworkremotely.com/remote-jobs/platform-sh-product-engineer
Product Engineer,Zoomforth,https://weworkremotely.com/remote-jobs/zoomforth-product-engineer
Senior Data Analyst ,Smile.io,https://weworkremotely.com/remote-jobs/smile-io-senior-data-analyst
Salesforce Developer,The Predictive Index,https://weworkremotely.com/remote-jobs/the-predictive-index-salesforce-developer
Data Analytics Mentor (Part-time/Flexible/Remote),Springboard,https://weworkremotely.com/remote-jobs/springboard-data-analytics-mentor-part-time-flexible-remote
Data Storyteller (Remote - EMEA based),SlashData Ltd,https://weworkremotely.com/remote-jobs/slashdata-ltd-data-storyteller-remote-emea-based
Senior Analytics Engineer,Automattic,https://weworkremotely.com/remote-jobs/automattic-senior-analytics-engineer
Data Engineering Mentor (Flexible/Part-Time/Remote),Springboard,https://weworkremotely.com/remote-jobs/springboard-data-engineering-mentor-flexible-part-time-remote
Senior Android Engineer,Blok Party,https://remoteok.io/remote-jobs/99567-remote-senior-android-engineer-blok-party
Backend Developer Data Scientist,komoot,https://remoteok.io/remote-jobs/99798-remote-backend-developer-data-scientist-komoot
Senior Front End Developer,PolySwarm,https://remoteok.io/remote-jobs/75673-remote-senior-front-end-developer-polyswarm
Senior Software Engineer React React,Very LLC,https://remoteok.io/remote-jobs/99730-remote-senior-software-engineer-react-react-very-llc
Full Stack Engineer,GooseChase,https://remoteok.io/remote-jobs/99701-remote-full-stack-engineer-goosechase
Back End Developer,InReach Ventures,https://remoteok.io/remote-jobs/99530-remote-back-end-developer-inreach-ventures
Senior Data Engineer,vidIQ,https://remoteok.io/remote-jobs/83438-remote-senior-data-engineer-vidiq
Senior Data Engineer Manager,Doximity,https://remoteok.io/remote-jobs/99489-remote-senior-data-engineer-manager-doximity
Senior Site Reliability,Netdata Inc,https://remoteok.io/remote-jobs/99260-remote-senior-site-reliability-netdata-inc
Senior Software Engineer,Routable,https://remoteok.io/remote-jobs/86632-remote-senior-software-engineer-python-django-routable
Sr Software Engineer ML Open Source,Iterative,https://remoteok.io/remote-jobs/99244-remote-sr-software-engineer-ml-open-source-iterative
Golang Engineer,dploy.ai,https://remoteok.io/remote-jobs/98087-remote-golang-engineer-dploy-ai
Senior Front End Engineer,Beyond Pricing,https://remoteok.io/remote-jobs/99453-remote-senior-front-end-engineer-beyond-pricing
Senior Back End Engineer,Beyond Pricing,https://remoteok.io/remote-jobs/99409-remote-senior-back-end-engineer-beyond-pricing
Full Stack Developer,SilviaTerra,https://remoteok.io/remote-jobs/75473-remote-full-stack-developer-silviaterra
Senior Full Stack Engineer,Interview Schedule,https://remoteok.io/remote-jobs/73058-remote-senior-full-stack-engineer-interview-schedule
Business Intelligence Data Analyst,Sporty,https://remoteok.io/remote-jobs/97431-remote-business-intelligence-data-analyst-sporty
Python Developer,Musement,https://remoteok.io/remote-jobs/72846-remote-python-developer-musement
Senior Python Developer,Vocinity,https://remoteok.io/remote-jobs/73506-remote-senior-python-developer-vocinity
Lead Back End Developer,Simpleweb,https://remoteok.io/remote-jobs/99178-remote-lead-back-end-developer-simpleweb
Freelance Backend Developer,Toptal,https://remoteok.io/remote-jobs/99118-remote-freelance-backend-developer-remote-toptal
Senior Backend Dev Devops,Pupil Labs,https://remoteok.io/remote-jobs/98830-remote-senior-backend-dev-python-devops-pupil-labs
Lead Full Stack Software Engineer,Prominent Edge,https://remoteok.io/remote-jobs/97397-remote-lead-full-stack-software-engineer-prominent-edge
Full Stack Python js Developer,Fjelltopp,https://remoteok.io/remote-jobs/97053-remote-full-stack-python-js-developer-fjelltopp
Python Engineer,TileDB,https://remoteok.io/remote-jobs/97224-remote-python-engineer-tiledb
Python Django Software Engineer,WP Media,https://remoteok.io/remote-jobs/96938-remote-python-django-software-engineer-wp-media
Senior Python Full Stack Engineer,Apartment Therapy Media,https://remoteok.io/remote-jobs/96928-remote-senior-python-full-stack-engineer-apartment-therapy-media
Software Engineer Security,Doximity,https://remoteok.io/remote-jobs/86398-remote-software-engineer-security-doximity
Django Developer,Mainvest,https://remoteok.io/remote-jobs/86390-remote-django-developer-mainvest
Senior Fullstack Engineer ﾉ* ・ﾟ�,RebelMouse,https://remoteok.io/remote-jobs/86299-remote-senior-fullstack-engineer-rebelmouse
Software Engineer,AlphaSights,https://remoteok.io/remote-jobs/73979-remote-software-engineer-alphasights
Freelance Python Developer,Toptal,https://remoteok.io/remote-jobs/85053-remote-freelance-python-developer-remote-toptal
Devops Python Django SaaS Developer,WP Media,https://remoteok.io/remote-jobs/84795-remote-devops-python-django-saas-developer-wp-media
Lead Backend Developer,Kokoon Technology Ltd,https://remoteok.io/remote-jobs/84313-remote-lead-backend-developer-remote-kokoon-technology-ltd
First Engineer Full Stack,PostHog,https://remoteok.io/remote-jobs/84205-remote-first-engineer-full-stack-posthog
QA Automation Engineer,Drops,https://remoteok.io/remote-jobs/84080-remote-qa-automation-engineer-drops
Backend Developer,Jetcake,https://remoteok.io/remote-jobs/83559-remote-backend-developer-jetcake
Backend Engineer,Astra,https://remoteok.io/remote-jobs/76361-remote-backend-engineer-astra
Tech Lead NO Longer Available,Omstars,https://remoteok.io/remote-jobs/83287-remote-tech-lead-no-longer-available-omstars
Python Automation Engineer,Doximity,https://remoteok.io/remote-jobs/83247-remote-python-automation-engineer-doximity
Security Engineer,Numbrs Personal Finance AG,https://remoteok.io/remote-jobs/83106-remote-security-engineer-remote-numbrs-personal-finance-ag
ELK Stack Developer,Atlastix,https://remoteok.io/remote-jobs/77164-remote-elk-stack-developer-atlastix
Full Stack Django Developer,Wildfish,https://remoteok.io/remote-jobs/77074-remote-full-stack-django-developer-wildfish
Software Engineer Full Stack,Doximity,https://remoteok.io/remote-jobs/76493-remote-software-engineer-full-stack-doximity
Developer Senior Developer,MVPF,https://remoteok.io/remote-jobs/75960-remote-developer-or-senior-developer-mvpf
Full Stack Web Developer,GooseChase,https://remoteok.io/remote-jobs/75932-remote-full-stack-web-developer-goosechase
Senior Full Stack Developer,PolySwarm,https://remoteok.io/remote-jobs/75742-remote-senior-full-stack-developer-polyswarm
Senior Data Analyst,komoot,https://remoteok.io/remote-jobs/75791-remote-senior-data-analyst-komoot
Senior Backend Engineer,Routable,https://remoteok.io/remote-jobs/86372-remote-senior-backend-engineer-python-django-routable
Full Stack Developer Fully Startup,Specula.io,https://remoteok.io/remote-jobs/75688-remote-sr-full-stack-developer-node-vue-typescript-python-sql-elastic-fully-remote-startup-specula-io
Senior SRE Kubernetes,MageMojo,https://remoteok.io/remote-jobs/75202-remote-senior-sre-kubernetes-magemojo
Senior Devops Engineer,"ORCID, Inc.",https://remoteok.io/remote-jobs/75009-remote-senior-devops-engineer-orcid-inc-
Software Engineer Data,Doximity,https://remoteok.io/remote-jobs/73235-remote-software-engineer-data-doximity
Full Stack Software Engineer,SlashData,https://remoteok.io/remote-jobs/73663-remote-full-stack-software-engineer-js-slashdata
Senior Backend Engineer Golang Focus,DL Remote,https://remoteok.io/remote-jobs/74351-remote-senior-backend-engineer-golang-focus-remote-dl-remote
Senior Backend Developer,WeTravel,https://remoteok.io/remote-jobs/74163-remote-senior-backend-developer-wetravel
Engineering Manager Mobile,Doximity,https://remoteok.io/remote-jobs/74016-remote-engineering-manager-mobile-doximity
Engineering Manager Infrastructure,Doximity,https://remoteok.io/remote-jobs/74014-remote-engineering-manager-infrastructure-doximity
Sr Full Stack Developer Django,Circuit Stream,https://remoteok.io/remote-jobs/73837-remote-sr-full-stack-developer-django-circuit-stream
Python Back End Web Developer,Soshace,https://remoteok.io/remote-jobs/75581-remote-python-back-end-web-developer-soshace
Python C Developer,Clevertech,https://remoteok.io/remote-jobs/74190-remote-python-c-developer-clevertech
Senior Python Back End Engineer,Loadsmart,https://remoteok.io/remote-jobs/98818-remote-senior-python-back-end-engineer-loadsmart
Python Engineer 100,Clevertech,https://remoteok.io/remote-jobs/98682-remote-python-engineer-100-clevertech
SR Django Developer,Trafilea,https://remoteok.io/remote-jobs/98666-remote-sr-django-developer-trafilea
Senior Software Engineer Python Tornado AWS,Verys,https://remoteok.io/remote-jobs/98654-remote-senior-software-engineer-python-tornado-aws-verys
Principal Python Software Developer,Railroad19,https://remoteok.io/remote-jobs/98621-remote-principal-python-software-developer-railroad19
Experienced Python Developer,ShipHero,https://remoteok.io/remote-jobs/98580-remote-experienced-python-developer-shiphero
Senior Full Stack Python Developer,REPAY,https://remoteok.io/remote-jobs/98420-remote-senior-full-stack-python-developer-repay
Django Python Backend Engineer,PolicyFly,https://remoteok.io/remote-jobs/98256-remote-django-python-backend-engineer-policyfly
Expert Django Developer,DjangoForce,https://remoteok.io/remote-jobs/97248-remote-expert-django-developer-djangoforce
Full Stack Python Engineer,Gorgias,https://remoteok.io/remote-jobs/98161-remote-full-stack-python-engineer-gorgias
Full Stack Django Engineer,HeySummit,https://remoteok.io/remote-jobs/98031-remote-full-stack-django-engineer-heysummit
Python Full Stack Developer,REPAY,https://remoteok.io/remote-jobs/97466-remote-python-full-stack-developer-repay
Python Data Engineer,Overloop,https://remoteok.io/remote-jobs/83826-remote-python-data-engineer-overloop
Senior Backend Go Python Engineer,Source Coders,https://remoteok.io/remote-jobs/97330-remote-senior-backend-go-python-engineer-source-coders
Python Flask Engineer,Clevertech,https://remoteok.io/remote-jobs/97228-remote-python-flask-engineer-clevertech
Senior Software Engineer Python,Verys,https://remoteok.io/remote-jobs/97215-remote-senior-software-engineer-python-verys
Integrations Full Stack Python Developer,REPAY,https://remoteok.io/remote-jobs/97110-remote-integrations-full-stack-python-developer-repay
Senior Django Developer,Soshace,https://remoteok.io/remote-jobs/73519-remote-senior-django-developer-soshace
Jr Python Developer,AppEvolve,https://remoteok.io/remote-jobs/86685-remote-jr-python-developer-appevolve
Full Stack Developer Node.js Python Go Autonomy Flexibility New Team,Oscatel,https://remoteok.io/remote-jobs/87096-remote-full-stack-developer-node-js-python-go-autonomy-flexibility-new-team-oscatel
Back End Engineer Node.js Python Go Rust Workflow Management Data Science,Virtual Pricing Director,https://remoteok.io/remote-jobs/87331-remote-back-end-engineer-node-js-python-go-rust-workflow-management-data-science-virtual-pricing-director
Senior Python Django Engineer,Sherpany AG,https://remoteok.io/remote-jobs/87074-remote-senior-python-django-engineer-sherpany-ag
Python Django Developer,Scanslated,https://remoteok.io/remote-jobs/87085-remote-python-django-developer-scanslated
Independent Self Motivated Python Backend Developer,Seez,https://remoteok.io/remote-jobs/85325-remote-independent-self-motivated-python-backend-developer-seez
UK Based Senior Python Engineer Solve Amazing Problems From Home,Ascent Software,https://remoteok.io/remote-jobs/85243-remote-uk-based-senior-python-engineer-solve-amazing-problems-from-home-ascent-software
UK Based Python Engineer,Ascent Software,https://remoteok.io/remote-jobs/85244-remote-uk-based-python-engineer-ascent-software
Python Developer M W X,Skalar Systems,https://remoteok.io/remote-jobs/85239-remote-python-developer-m-w-x-skalar-systems
Devops Avec Des Base En Python,Labellevie by Deleev,https://remoteok.io/remote-jobs/85166-remote-devops-avec-des-base-en-python-labellevie-by-deleev
FULL Stack Django Developer Project Leader,Scalable Path,https://remoteok.io/remote-jobs/84941-remote-full-stack-django-developer-project-leader-scalable-path
Strong Generalist Who Is Very Good Python,Conducto,https://remoteok.io/remote-jobs/84891-remote-strong-generalist-who-is-very-good-python-conducto
FULL Stack Python,Scalable Path,https://remoteok.io/remote-jobs/84400-remote-full-stack-python-scalable-path
Développeur Python C C Mission,SkillValue,https://remoteok.io/remote-jobs/84275-remote-developpeur-python-c-c-mission-skillvalue
Paid Research Study For Students Instructors Using Python,User Research International,https://remoteok.io/remote-jobs/83913-remote-paid-research-study-for-students-instructors-using-python-user-research-international
Python Backend Developer,Exputec,https://remoteok.io/remote-jobs/83854-remote-python-backend-developer-exputec
Senior Python Engineer Fintech,Flowcast,https://remoteok.io/remote-jobs/83608-remote-senior-python-engineer-fintech-flowcast
Back End Engineer Python,Modus Create,https://remoteok.io/remote-jobs/83815-remote-back-end-engineer-python-modus-create
Python Data Engineer 100,Clevertech,https://remoteok.io/remote-jobs/83496-remote-python-data-engineer-100-clevertech
Python,Soshace,https://remoteok.io/remote-jobs/83309-remote-python-soshace
Python Backend Developer 100,Clevertech,https://remoteok.io/remote-jobs/83231-remote-python-backend-developer-100-clevertech
React Python Developer 100,Clevertech,https://remoteok.io/remote-jobs/83127-remote-react-python-developer-100-clevertech
Python Back End Developer,Soshace,https://remoteok.io/remote-jobs/83097-remote-python-back-end-developer-soshace
100% Python React Developer,Clevertech,https://remoteok.io/remote-jobs/82984-remote-100-python-react-developer-clevertech
Python Go Cloud Engineer,Platform.sh,https://remoteok.io/remote-jobs/77340-remote-python-go-cloud-engineer-platform-sh
API Software Engineer Python,ReCharge Payments,https://remoteok.io/remote-jobs/77226-remote-api-software-engineer-python-recharge-payments
Senior Python Engineer,CleanCapital,https://remoteok.io/remote-jobs/74849-remote-senior-python-engineer-cleancapital
Full Stack React Django Developer,Soshace,https://remoteok.io/remote-jobs/76912-remote-full-stack-react-django-developer-soshace
Python Cloud Engineer,Platform.sh,https://remoteok.io/remote-jobs/76837-remote-python-cloud-engineer-platform-sh
Senior Python Engineer Platform,ReCharge Payments,https://remoteok.io/remote-jobs/76757-remote-senior-python-engineer-platform-recharge-payments
Python Data Science,Clevertech,https://remoteok.io/remote-jobs/76570-remote-python-data-science-clevertech
Code Challenge Reviewer 100% £50 Per Hour Java Javascript PHP Python C# Ruby CSS HTML SQL Scala iOS Android,Geektastic,https://remoteok.io/remote-jobs/76263-remote-code-challenge-reviewer-100-50-per-hour-java-javascript-php-python-c-ruby-css-html-sql-scala-ios-android-geektastic
Back End Django Developer,Soshace,https://remoteok.io/remote-jobs/76164-remote-back-end-django-developer-soshace
Permanent Django Developer,Pivotal Energy Solutions,https://remoteok.io/remote-jobs/76108-remote-permanent-django-developer-pivotal-energy-solutions
Back End Python Developer,Pluralsight,https://remoteok.io/remote-jobs/75766-remote-back-end-python-developer-pluralsight
Full Stack Developer With React Django,Soshace,https://remoteok.io/remote-jobs/75542-remote-full-stack-developer-with-react-django-soshace
Principle Python Software Engineer,Labster,https://remoteok.io/remote-jobs/74984-remote-principle-python-software-engineer-labster
Senior Python Developer Django Flask,Clevertech,https://remoteok.io/remote-jobs/74857-remote-senior-python-developer-django-flask-clevertech
Quantitative Developer Python,Clevertech,https://remoteok.io/remote-jobs/74388-remote-quantitative-developer-python-clevertech
Cloud Lead Python Engineer,Elastic,https://remoteok.io/remote-jobs/74371-remote-cloud-lead-python-engineer-elastic
Senior Python Developer Quantitative Modeling,Clevertech,https://remoteok.io/remote-jobs/74363-remote-senior-python-developer-quantitative-modeling-clevertech
Paid Research Study For Developers With Machine Learning Python Experience,User Research International,https://remoteok.io/remote-jobs/74209-remote-paid-research-study-for-developers-with-machine-learning-python-experience-user-research-international
Senior Python Software Engineer,Labster,https://remoteok.io/remote-jobs/74183-remote-senior-python-software-engineer-labster
Senior Embedded Linux Developer with Python 100% Flexible Hours,3 other jobs Analytics Fire,https://remoteok.io/remote-jobs/74065-remote-senior-embedded-linux-developer-with-python-100-flexible-hours-3-other-jobs-analytics-fire
Python 2 Language Specialist,ActiveState Software,https://remoteok.io/remote-jobs/74009-remote-python-2-language-specialist-activestate-software
Senior Python Developer Interested Finance,Capital,https://remoteok.io/remote-jobs/74264-remote-senior-python-developer-interested-finance-capital
Cloud Python Developer,Elastic,https://remoteok.io/remote-jobs/73894-remote-cloud-python-developer-elastic
Senior Python Javascript Engineer,Surge,https://remoteok.io/remote-jobs/73331-remote-senior-python-javascript-engineer-surge
Django Web Developer,Caktus Consulting Group,https://remoteok.io/remote-jobs/73333-remote-django-web-developer-caktus-consulting-group
Python Cloud Developer,Platform.sh,https://remoteok.io/remote-jobs/73070-remote-python-cloud-developer-platform-sh
Sr Python Software Engineer,SmileDirectClub,https://remoteok.io/remote-jobs/73036-remote-sr-python-software-engineer-smiledirectclub
